{
    "colsample_bytree": 0.6778495346819488,
    "gamma": 0.02882379109951244,
    "learning_rate": 0.013273439365041401,
    "max_depth": 6,
    "min_child_weight": 5,
    "n_estimators": 899,
    "reg_alpha": 1.6613770210401537,
    "reg_lambda": 1.0896553150903736,
    "subsample": 0.6660968201770413
}